<?xml version="1.0" encoding="utf-8" standalone="yes"?>
<rss version="2.0" xmlns:atom="http://www.w3.org/2005/Atom">
  <channel>
    <title>My New Hugo Site</title>
    <link>https://example.org/</link>
    <description>Recent content on My New Hugo Site</description>
    <generator>Hugo</generator>
    <language>en-us</language>
    <lastBuildDate>Mon, 01 Jan 0001 00:00:00 +0000</lastBuildDate>
    <atom:link href="https://example.org/index.xml" rel="self" type="application/rss+xml" />
    <item>
      <title></title>
      <link>https://example.org/readme/</link>
      <pubDate>Mon, 01 Jan 0001 00:00:00 +0000</pubDate>
      <guid>https://example.org/readme/</guid>
      <description>&lt;p&gt;Placeholder&lt;/p&gt;</description>
    </item>
  </channel>
</rss>
